Stationsnamn;Klimatnummer;Mäthöjd (meter över marken)
Mora A;104580;2.0

Parameternamn;Beskrivning;Enhet
Lufttemperatur;medel, 1 gång per månad;degree celsius

Tidsperiod (fr.o.m);Tidsperiod (t.o.m);Höjd (meter över havet);Latitud (decimalgrader);Longitud (decimalgrader)
1941-02-01 00:00:00;1975-08-31 23:59:59;170.0;61.0025;14.5874
1975-09-01 00:00:00;1977-03-09 23:59:59;190.0;61.0025;14.5874
1977-04-01 00:00:00;1980-08-31 23:59:59;175.0;61.0025;14.5874
1980-09-01 00:00:00;1983-12-14 23:59:59;190.0;61.0025;14.5874
1984-03-01 00:00:00;1994-12-01 23:59:59;175.0;61.0025;14.5874
1995-09-01 00:00:00;2020-12-31 23:59:59;195.417;60.9601;14.5041

Från Datum Tid (UTC);Till Datum Tid (UTC);Representativ månad;Lufttemperatur;Kvalitet;;Tidsutsnitt:
1941-01-01 00:00:01;1941-02-01 00:00:00;1941-01;-16.0;G;;Kvalitetskontrollerade historiska data (utom de senaste 3 mån)
1941-02-01 00:00:01;1941-03-01 00:00:00;1941-02;-11.5;G;;Tidsperiod (fr.o.m.) = 1941-02-01 00:00:00 (UTC)
1941-03-01 00:00:01;1941-04-01 00:00:00;1941-03;-5.0;G;;Tidsperiod (t.o.m.) = 2020-11-01 06:00:00 (UTC)
1941-04-01 00:00:01;1941-05-01 00:00:00;1941-04;0.5;G;;Medelvärdet är beräknat för = 1 månad
1941-05-01 00:00:01;1941-06-01 00:00:00;1941-05;7.8;G;;
1941-06-01 00:00:01;1941-07-01 00:00:00;1941-06;14.0;G;;Kvalitetskoderna:
1941-07-01 00:00:01;1941-08-01 00:00:00;1941-07;19.0;G;;Grön (G) = Kontrollerade och godkända värden.
1941-08-01 00:00:01;1941-09-01 00:00:00;1941-08;13.5;G;;Gul (Y) = Misstänkta eller aggregerade värden. Grovt kontrollerade arkivdata och okontrollerade realtidsdata (senaste 2 tim).
1941-09-01 00:00:01;1941-10-01 00:00:00;1941-09;9.5;G;;
1941-10-01 00:00:01;1941-11-01 00:00:00;1941-10;2.5;G;;Orsaker till saknade data:
1941-11-01 00:00:01;1941-12-01 00:00:00;1941-11;-2.0;G;;  stationen eller givaren har varit ur funktion.
1941-12-01 00:00:01;1942-01-01 00:00:00;1941-12;-8.0;G
1942-01-01 00:00:01;1942-02-01 00:00:00;1942-01;-17.1;G
1942-02-01 00:00:01;1942-03-01 00:00:00;1942-02;-12.7;G
1942-03-01 00:00:01;1942-04-01 00:00:00;1942-03;-8.3;G
1942-04-01 00:00:01;1942-05-01 00:00:00;1942-04;3.2;G
1942-05-01 00:00:01;1942-06-01 00:00:00;1942-05;7.3;G
1942-06-01 00:00:01;1942-07-01 00:00:00;1942-06;11.7;G
1942-07-01 00:00:01;1942-08-01 00:00:00;1942-07;14.8;G
1942-08-01 00:00:01;1942-09-01 00:00:00;1942-08;14.5;G
1942-09-01 00:00:01;1942-10-01 00:00:00;1942-09;9.2;G
1942-10-01 00:00:01;1942-11-01 00:00:00;1942-10;4.5;G
1942-11-01 00:00:01;1942-12-01 00:00:00;1942-11;-0.1;G
1942-12-01 00:00:01;1943-01-01 00:00:00;1942-12;-3.4;G
1943-01-01 00:00:01;1943-02-01 00:00:00;1943-01;-7.9;G
1943-02-01 00:00:01;1943-03-01 00:00:00;1943-02;-0.7;G
1943-03-01 00:00:01;1943-04-01 00:00:00;1943-03;1.1;G
1943-04-01 00:00:01;1943-05-01 00:00:00;1943-04;5.2;G
1943-05-01 00:00:01;1943-06-01 00:00:00;1943-05;10.0;G
1943-06-01 00:00:01;1943-07-01 00:00:00;1943-06;14.5;G
1943-07-01 00:00:01;1943-08-01 00:00:00;1943-07;15.4;G
1943-08-01 00:00:01;1943-09-01 00:00:00;1943-08;13.4;G
1943-09-01 00:00:01;1943-10-01 00:00:00;1943-09;9.4;G
1943-10-01 00:00:01;1943-11-01 00:00:00;1943-10;6.5;G
1943-11-01 00:00:01;1943-12-01 00:00:00;1943-11;-0.1;G
1943-12-01 00:00:01;1944-01-01 00:00:00;1943-12;-4.0;G
1944-01-01 00:00:01;1944-02-01 00:00:00;1944-01;-7.5;G
1944-02-01 00:00:01;1944-03-01 00:00:00;1944-02;-5.0;G
1944-03-01 00:00:01;1944-04-01 00:00:00;1944-03;-2.5;G
1944-04-01 00:00:01;1944-05-01 00:00:00;1944-04;1.0;G
1944-05-01 00:00:01;1944-06-01 00:00:00;1944-05;6.7;G
1944-06-01 00:00:01;1944-07-01 00:00:00;1944-06;11.1;G
1944-07-01 00:00:01;1944-08-01 00:00:00;1944-07;17.0;G
1944-08-01 00:00:01;1944-09-01 00:00:00;1944-08;16.2;G
1944-09-01 00:00:01;1944-10-01 00:00:00;1944-09;9.5;G
1944-10-01 00:00:01;1944-11-01 00:00:00;1944-10;5.8;G
1944-11-01 00:00:01;1944-12-01 00:00:00;1944-11;-0.8;G
1944-12-01 00:00:01;1945-01-01 00:00:00;1944-12;-1.1;G
1945-01-01 00:00:01;1945-02-01 00:00:00;1945-01;-8.3;G
1945-02-01 00:00:01;1945-03-01 00:00:00;1945-02;-4.1;G
1945-03-01 00:00:01;1945-04-01 00:00:00;1945-03;0.0;G
1945-04-01 00:00:01;1945-05-01 00:00:00;1945-04;4.4;G
1945-05-01 00:00:01;1945-06-01 00:00:00;1945-05;8.5;G
1945-06-01 00:00:01;1945-07-01 00:00:00;1945-06;13.2;G
1945-07-01 00:00:01;1945-08-01 00:00:00;1945-07;17.3;G
1945-08-01 00:00:01;1945-09-01 00:00:00;1945-08;15.6;G
1945-09-01 00:00:01;1945-10-01 00:00:00;1945-09;8.9;G
1945-10-01 00:00:01;1945-11-01 00:00:00;1945-10;4.0;G
1945-11-01 00:00:01;1945-12-01 00:00:00;1945-11;-3.6;G
1945-12-01 00:00:01;1946-01-01 00:00:00;1945-12;-5.4;G
1946-01-01 00:00:01;1946-02-01 00:00:00;1946-01;-6.7;G
1946-02-01 00:00:01;1946-03-01 00:00:00;1946-02;-8.2;G
1946-03-01 00:00:01;1946-04-01 00:00:00;1946-03;-3.8;G
1946-04-01 00:00:01;1946-05-01 00:00:00;1946-04;4.8;G
1946-05-01 00:00:01;1946-06-01 00:00:00;1946-05;9.2;G
1946-06-01 00:00:01;1946-07-01 00:00:00;1946-06;12.6;G
1946-07-01 00:00:01;1946-08-01 00:00:00;1946-07;16.9;G
1946-08-01 00:00:01;1946-09-01 00:00:00;1946-08;13.7;G
1946-09-01 00:00:01;1946-10-01 00:00:00;1946-09;10.5;G
1946-10-01 00:00:01;1946-11-01 00:00:00;1946-10;2.9;G
1946-11-01 00:00:01;1946-12-01 00:00:00;1946-11;0.5;G
1946-12-01 00:00:01;1947-01-01 00:00:00;1946-12;-3.1;G
1947-01-01 00:00:01;1947-02-01 00:00:00;1947-01;-5.0;G
1947-02-01 00:00:01;1947-03-01 00:00:00;1947-02;-16.5;G
1947-03-01 00:00:01;1947-04-01 00:00:00;1947-03;-7.2;G
1947-04-01 00:00:01;1947-05-01 00:00:00;1947-04;2.9;G
1947-05-01 00:00:01;1947-06-01 00:00:00;1947-05;12.1;G
1947-06-01 00:00:01;1947-07-01 00:00:00;1947-06;15.8;G
1947-07-01 00:00:01;1947-08-01 00:00:00;1947-07;16.5;G
1947-08-01 00:00:01;1947-09-01 00:00:00;1947-08;16.8;G
1947-09-01 00:00:01;1947-10-01 00:00:00;1947-09;12.0;G
1947-10-01 00:00:01;1947-11-01 00:00:00;1947-10;3.7;G
1947-11-01 00:00:01;1947-12-01 00:00:00;1947-11;-3.4;G
1947-12-01 00:00:01;1948-01-01 00:00:00;1947-12;-7.5;G
1948-01-01 00:00:01;1948-02-01 00:00:00;1948-01;-13.1;G
1948-02-01 00:00:01;1948-03-01 00:00:00;1948-02;-8.1;G
1948-03-01 00:00:01;1948-04-01 00:00:00;1948-03;-0.7;G
1948-04-01 00:00:01;1948-05-01 00:00:00;1948-04;5.2;G
1948-05-01 00:00:01;1948-06-01 00:00:00;1948-05;9.8;G
1948-06-01 00:00:01;1948-07-01 00:00:00;1948-06;13.2;G
1948-07-01 00:00:01;1948-08-01 00:00:00;1948-07;16.8;G
1948-08-01 00:00:01;1948-09-01 00:00:00;1948-08;13.2;G
1948-09-01 00:00:01;1948-10-01 00:00:00;1948-09;10.1;G
1948-10-01 00:00:01;1948-11-01 00:00:00;1948-10;2.8;G
1948-11-01 00:00:01;1948-12-01 00:00:00;1948-11;-1.0;G
1948-12-01 00:00:01;1949-01-01 00:00:00;1948-12;0.1;G
1949-01-01 00:00:01;1949-02-01 00:00:00;1949-01;-2.5;Y
1949-02-01 00:00:01;1949-03-01 00:00:00;1949-02;-1.4;Y
1949-03-01 00:00:01;1949-04-01 00:00:00;1949-03;-2.0;Y
1949-04-01 00:00:01;1949-05-01 00:00:00;1949-04;4.7;G
1949-05-01 00:00:01;1949-06-01 00:00:00;1949-05;11.2;G
1949-06-01 00:00:01;1949-07-01 00:00:00;1949-06;12.7;G
1949-07-01 00:00:01;1949-08-01 00:00:00;1949-07;15.2;G
1949-08-01 00:00:01;1949-09-01 00:00:00;1949-08;13.3;G
1949-09-01 00:00:01;1949-10-01 00:00:00;1949-09;13.0;G
1949-10-01 00:00:01;1949-11-01 00:00:00;1949-10;4.8;Y
1949-11-01 00:00:01;1949-12-01 00:00:00;1949-11;1.1;Y
1949-12-01 00:00:01;1950-01-01 00:00:00;1949-12;-4.7;Y
1950-01-01 00:00:01;1950-02-01 00:00:00;1950-01;-10.1;Y
1950-02-01 00:00:01;1950-03-01 00:00:00;1950-02;-5.2;Y
1950-03-01 00:00:01;1950-04-01 00:00:00;1950-03;-0.6;Y
1950-04-01 00:00:01;1950-05-01 00:00:00;1950-04;3.9;G
1950-05-01 00:00:01;1950-06-01 00:00:00;1950-05;9.7;G
1950-06-01 00:00:01;1950-07-01 00:00:00;1950-06;14.0;G
1950-07-01 00:00:01;1950-08-01 00:00:00;1950-07;14.7;G
1950-08-01 00:00:01;1950-09-01 00:00:00;1950-08;15.1;G
1950-09-01 00:00:01;1950-10-01 00:00:00;1950-09;9.4;G
1950-10-01 00:00:01;1950-11-01 00:00:00;1950-10;5.5;G
1950-11-01 00:00:01;1950-12-01 00:00:00;1950-11;-2.6;Y
1950-12-01 00:00:01;1951-01-01 00:00:00;1950-12;-7.5;Y
1951-01-01 00:00:01;1951-02-01 00:00:00;1951-01;-10.4;Y
1951-02-01 00:00:01;1951-03-01 00:00:00;1951-02;-4.7;Y
1951-03-01 00:00:01;1951-04-01 00:00:00;1951-03;-7.0;Y
1951-04-01 00:00:01;1951-05-01 00:00:00;1951-04;2.4;Y
1951-05-01 00:00:01;1951-06-01 00:00:00;1951-05;6.9;Y
1951-06-01 00:00:01;1951-07-01 00:00:00;1951-06;12.5;Y
1951-07-01 00:00:01;1951-08-01 00:00:00;1951-07;14.4;Y
1951-08-01 00:00:01;1951-09-01 00:00:00;1951-08;15.1;Y
1951-09-01 00:00:01;1951-10-01 00:00:00;1951-09;10.9;Y
1951-10-01 00:00:01;1951-11-01 00:00:00;1951-10;5.7;Y
1951-11-01 00:00:01;1951-12-01 00:00:00;1951-11;1.4;Y
1951-12-01 00:00:01;1952-01-01 00:00:00;1951-12;-1.5;G
1952-01-01 00:00:01;1952-02-01 00:00:00;1952-01;-6.5;G
1952-02-01 00:00:01;1952-03-01 00:00:00;1952-02;-4.8;G
1952-03-01 00:00:01;1952-04-01 00:00:00;1952-03;-5.0;G
1952-04-01 00:00:01;1952-05-01 00:00:00;1952-04;5.8;G
1952-05-01 00:00:01;1952-06-01 00:00:00;1952-05;8.0;G
1952-06-01 00:00:01;1952-07-01 00:00:00;1952-06;11.5;G
1952-07-01 00:00:01;1952-08-01 00:00:00;1952-07;14.5;G
1952-08-01 00:00:01;1952-09-01 00:00:00;1952-08;12.2;Y
1952-09-01 00:00:01;1952-10-01 00:00:00;1952-09;6.4;Y
1952-10-01 00:00:01;1952-11-01 00:00:00;1952-10;2.2;Y
1952-11-01 00:00:01;1952-12-01 00:00:00;1952-11;-5.0;Y
1952-12-01 00:00:01;1953-01-01 00:00:00;1952-12;-7.9;Y
1953-01-01 00:00:01;1953-02-01 00:00:00;1953-01;-10.6;Y
1953-02-01 00:00:01;1953-03-01 00:00:00;1953-02;-9.2;Y
1953-03-01 00:00:01;1953-04-01 00:00:00;1953-03;1.4;Y
1953-04-01 00:00:01;1953-05-01 00:00:00;1953-04;4.2;Y
1953-05-01 00:00:01;1953-06-01 00:00:00;1953-05;9.2;Y
1953-06-01 00:00:01;1953-07-01 00:00:00;1953-06;16.3;Y
1953-07-01 00:00:01;1953-08-01 00:00:00;1953-07;14.7;Y
1953-08-01 00:00:01;1953-09-01 00:00:00;1953-08;13.5;Y
1953-09-01 00:00:01;1953-10-01 00:00:00;1953-09;8.5;Y
1953-10-01 00:00:01;1953-11-01 00:00:00;1953-10;7.2;Y
1953-11-01 00:00:01;1953-12-01 00:00:00;1953-11;1.7;Y
1953-12-01 00:00:01;1954-01-01 00:00:00;1953-12;-1.9;Y
1954-01-01 00:00:01;1954-02-01 00:00:00;1954-01;-9.7;Y
1954-02-01 00:00:01;1954-03-01 00:00:00;1954-02;-12.7;Y
1954-03-01 00:00:01;1954-04-01 00:00:00;1954-03;-0.8;Y
1954-04-01 00:00:01;1954-05-01 00:00:00;1954-04;2.2;Y
1954-05-01 00:00:01;1954-06-01 00:00:00;1954-05;10.2;Y
1954-06-01 00:00:01;1954-07-01 00:00:00;1954-06;12.8;Y
1954-07-01 00:00:01;1954-08-01 00:00:00;1954-07;14.6;Y
1954-08-01 00:00:01;1954-09-01 00:00:00;1954-08;13.0;Y
1954-09-01 00:00:01;1954-10-01 00:00:00;1954-09;8.6;Y
1954-10-01 00:00:01;1954-11-01 00:00:00;1954-10;3.3;Y
1954-11-01 00:00:01;1954-12-01 00:00:00;1954-11;-1.6;Y
1954-12-01 00:00:01;1955-01-01 00:00:00;1954-12;-1.9;Y
1955-01-01 00:00:01;1955-02-01 00:00:00;1955-01;-8.0;Y
1955-02-01 00:00:01;1955-03-01 00:00:00;1955-02;-10.7;Y
1955-03-01 00:00:01;1955-04-01 00:00:00;1955-03;-4.8;Y
1955-04-01 00:00:01;1955-05-01 00:00:00;1955-04;1.1;Y
1955-05-01 00:00:01;1955-06-01 00:00:00;1955-05;5.8;Y
1955-06-01 00:00:01;1955-07-01 00:00:00;1955-06;11.6;Y
1955-07-01 00:00:01;1955-08-01 00:00:00;1955-07;17.8;G
1955-08-01 00:00:01;1955-09-01 00:00:00;1955-08;15.7;Y
1955-09-01 00:00:01;1955-10-01 00:00:00;1955-09;10.3;Y
1955-10-01 00:00:01;1955-11-01 00:00:00;1955-10;3.2;Y
1955-11-01 00:00:01;1955-12-01 00:00:00;1955-11;-0.3;Y
1955-12-01 00:00:01;1956-01-01 00:00:00;1955-12;-11.0;Y
1956-01-01 00:00:01;1956-02-01 00:00:00;1956-01;-10.5;Y
1956-02-01 00:00:01;1956-03-01 00:00:00;1956-02;-11.9;Y
1956-03-01 00:00:01;1956-04-01 00:00:00;1956-03;-5.0;Y
1956-04-01 00:00:01;1956-05-01 00:00:00;1956-04;1.0;Y
1956-05-01 00:00:01;1956-06-01 00:00:00;1956-05;9.2;Y
1956-06-01 00:00:01;1956-07-01 00:00:00;1956-06;12.4;Y
1956-07-01 00:00:01;1956-08-01 00:00:00;1956-07;14.6;Y
1956-08-01 00:00:01;1956-09-01 00:00:00;1956-08;11.0;G
1956-09-01 00:00:01;1956-10-01 00:00:00;1956-09;8.6;Y
1956-10-01 00:00:01;1956-11-01 00:00:00;1956-10;3.4;Y
1956-11-01 00:00:01;1956-12-01 00:00:00;1956-11;-5.1;Y
1956-12-01 00:00:01;1957-01-01 00:00:00;1956-12;-4.8;Y
1957-01-01 00:00:01;1957-02-01 00:00:00;1957-01;-3.6;Y
1957-02-01 00:00:01;1957-03-01 00:00:00;1957-02;-5.7;Y
1957-03-01 00:00:01;1957-04-01 00:00:00;1957-03;-4.0;Y
1957-04-01 00:00:01;1957-05-01 00:00:00;1957-04;2.3;Y
1957-05-01 00:00:01;1957-06-01 00:00:00;1957-05;7.9;Y
1957-06-01 00:00:01;1957-07-01 00:00:00;1957-06;11.5;Y
1957-07-01 00:00:01;1957-08-01 00:00:00;1957-07;15.5;G
1957-08-01 00:00:01;1957-09-01 00:00:00;1957-08;13.2;Y
1957-09-01 00:00:01;1957-10-01 00:00:00;1957-09;7.7;Y
1957-10-01 00:00:01;1957-11-01 00:00:00;1957-10;4.2;Y
1957-11-01 00:00:01;1957-12-01 00:00:00;1957-11;-1.4;Y
1957-12-01 00:00:01;1958-01-01 00:00:00;1957-12;-4.9;Y
1958-01-01 00:00:01;1958-02-01 00:00:00;1958-01;-9.2;Y
1958-02-01 00:00:01;1958-03-01 00:00:00;1958-02;-13.1;Y
1958-03-01 00:00:01;1958-04-01 00:00:00;1958-03;-8.0;Y
1958-04-01 00:00:01;1958-05-01 00:00:00;1958-04;1.7;Y
1958-05-01 00:00:01;1958-06-01 00:00:00;1958-05;7.7;Y
1958-06-01 00:00:01;1958-07-01 00:00:00;1958-06;12.9;Y
1958-07-01 00:00:01;1958-08-01 00:00:00;1958-07;14.6;Y
1958-08-01 00:00:01;1958-09-01 00:00:00;1958-08;13.0;G
1958-09-01 00:00:01;1958-10-01 00:00:00;1958-09;10.5;Y
1958-10-01 00:00:01;1958-11-01 00:00:00;1958-10;6.6;Y
1958-11-01 00:00:01;1958-12-01 00:00:00;1958-11;0.1;Y
1958-12-01 00:00:01;1959-01-01 00:00:00;1958-12;-7.9;Y
1959-01-01 00:00:01;1959-02-01 00:00:00;1959-01;-13.1;Y
1959-02-01 00:00:01;1959-03-01 00:00:00;1959-02;-7.2;Y
1959-03-01 00:00:01;1959-04-01 00:00:00;1959-03;-0.3;Y
1959-04-01 00:00:01;1959-05-01 00:00:00;1959-04;4.0;Y
1959-05-01 00:00:01;1959-06-01 00:00:00;1959-05;9.3;Y
1959-06-01 00:00:01;1959-07-01 00:00:00;1959-06;13.8;Y
1959-07-01 00:00:01;1959-08-01 00:00:00;1959-07;16.6;Y
1959-08-01 00:00:01;1959-09-01 00:00:00;1959-08;15.2;Y
1959-09-01 00:00:01;1959-10-01 00:00:00;1959-09;9.3;Y
1959-10-01 00:00:01;1959-11-01 00:00:00;1959-10;3.5;Y
1959-11-01 00:00:01;1959-12-01 00:00:00;1959-11;1.3;Y
1959-12-01 00:00:01;1960-01-01 00:00:00;1959-12;-3.0;Y
1960-01-01 00:00:01;1960-02-01 00:00:00;1960-01;-8.6;Y
1960-02-01 00:00:01;1960-03-01 00:00:00;1960-02;-11.7;Y
1960-03-01 00:00:01;1960-04-01 00:00:00;1960-03;-2.6;Y
1960-04-01 00:00:01;1960-05-01 00:00:00;1960-04;2.7;Y
1960-05-01 00:00:01;1960-06-01 00:00:00;1960-05;10.2;Y
1960-06-01 00:00:01;1960-07-01 00:00:00;1960-06;14.8;Y
1960-07-01 00:00:01;1960-08-01 00:00:00;1960-07;14.4;Y
1960-08-01 00:00:01;1960-09-01 00:00:00;1960-08;13.3;Y
1960-09-01 00:00:01;1960-10-01 00:00:00;1960-09;9.2;Y
1960-10-01 00:00:01;1960-11-01 00:00:00;1960-10;1.9;Y
1960-11-01 00:00:01;1960-12-01 00:00:00;1960-11;-0.3;Y
1960-12-01 00:00:01;1961-01-01 00:00:00;1960-12;-3.5;Y
1961-01-01 00:00:01;1961-02-01 00:00:00;1961-01;-9.7;Y
1961-02-01 00:00:01;1961-03-01 00:00:00;1961-02;-4.1;Y
1961-03-01 00:00:01;1961-04-01 00:00:00;1961-03;1.8;Y
1961-04-01 00:00:01;1961-05-01 00:00:00;1961-04;3.0;Y
1961-05-01 00:00:01;1961-06-01 00:00:00;1961-05;9.0;Y
1961-06-01 00:00:01;1961-07-01 00:00:00;1961-06;14.6;Y
1961-07-01 00:00:01;1961-08-01 00:00:00;1961-07;14.3;Y
1961-08-01 00:00:01;1961-09-01 00:00:00;1961-08;12.3;Y
1961-09-01 00:00:01;1961-10-01 00:00:00;1961-09;10.0;Y
1961-10-01 00:00:01;1961-11-01 00:00:00;1961-10;8.5;Y
1961-11-01 00:00:01;1961-12-01 00:00:00;1961-11;0.2;Y
1961-12-01 00:00:01;1962-01-01 00:00:00;1961-12;-10.1;Y
1962-01-01 00:00:01;1962-02-01 00:00:00;1962-01;-6.5;Y
1962-02-01 00:00:01;1962-03-01 00:00:00;1962-02;-5.2;Y
1962-03-01 00:00:01;1962-04-01 00:00:00;1962-03;-8.3;Y
1962-04-01 00:00:01;1962-05-01 00:00:00;1962-04;2.7;Y
1962-05-01 00:00:01;1962-06-01 00:00:00;1962-05;6.7;Y
1962-06-01 00:00:01;1962-07-01 00:00:00;1962-06;11.9;Y
1962-07-01 00:00:01;1962-08-01 00:00:00;1962-07;12.9;Y
1962-08-01 00:00:01;1962-09-01 00:00:00;1962-08;11.5;Y
1962-09-01 00:00:01;1962-10-01 00:00:00;1962-09;8.2;G
1962-10-01 00:00:01;1962-11-01 00:00:00;1962-10;5.3;Y
1962-11-01 00:00:01;1962-12-01 00:00:00;1962-11;-3.1;Y
1962-12-01 00:00:01;1963-01-01 00:00:00;1962-12;-10.7;Y
1963-01-01 00:00:01;1963-02-01 00:00:00;1963-01;-13.3;Y
1963-02-01 00:00:01;1963-03-01 00:00:00;1963-02;-14.3;Y
1963-03-01 00:00:01;1963-04-01 00:00:00;1963-03;-6.5;Y
1963-04-01 00:00:01;1963-05-01 00:00:00;1963-04;2.9;Y
1963-05-01 00:00:01;1963-06-01 00:00:00;1963-05;10.5;Y
1963-06-01 00:00:01;1963-07-01 00:00:00;1963-06;13.8;Y
1963-07-01 00:00:01;1963-08-01 00:00:00;1963-07;14.8;Y
1963-08-01 00:00:01;1963-09-01 00:00:00;1963-08;14.2;Y
1963-09-01 00:00:01;1963-10-01 00:00:00;1963-09;9.8;Y
1963-10-01 00:00:01;1963-11-01 00:00:00;1963-10;5.1;Y
1963-11-01 00:00:01;1963-12-01 00:00:00;1963-11;-1.8;Y
1963-12-01 00:00:01;1964-01-01 00:00:00;1963-12;-5.5;Y
1964-01-01 00:00:01;1964-02-01 00:00:00;1964-01;-4.9;Y
1964-02-01 00:00:01;1964-03-01 00:00:00;1964-02;-6.2;Y
1964-03-01 00:00:01;1964-04-01 00:00:00;1964-03;-3.3;Y
1964-04-01 00:00:01;1964-05-01 00:00:00;1964-04;4.3;Y
1964-05-01 00:00:01;1964-06-01 00:00:00;1964-05;10.2;Y
1964-06-01 00:00:01;1964-07-01 00:00:00;1964-06;12.4;Y
1964-07-01 00:00:01;1964-08-01 00:00:00;1964-07;13.6;Y
1964-08-01 00:00:01;1964-09-01 00:00:00;1964-08;12.3;Y
1964-09-01 00:00:01;1964-10-01 00:00:00;1964-09;8.7;Y
1964-10-01 00:00:01;1964-11-01 00:00:00;1964-10;4.2;Y
1964-11-01 00:00:01;1964-12-01 00:00:00;1964-11;-1.9;Y
1964-12-01 00:00:01;1965-01-01 00:00:00;1964-12;-6.7;Y
1965-01-01 00:00:01;1965-02-01 00:00:00;1965-01;-5.4;Y
1965-02-01 00:00:01;1965-03-01 00:00:00;1965-02;-5.4;Y
1965-03-01 00:00:01;1965-04-01 00:00:00;1965-03;-4.0;Y
1965-04-01 00:00:01;1965-05-01 00:00:00;1965-04;3.5;Y
1965-05-01 00:00:01;1965-06-01 00:00:00;1965-05;7.1;Y
1965-06-01 00:00:01;1965-07-01 00:00:00;1965-06;13.0;Y
1965-07-01 00:00:01;1965-08-01 00:00:00;1965-07;13.0;Y
1965-08-01 00:00:01;1965-09-01 00:00:00;1965-08;12.2;Y
1965-09-01 00:00:01;1965-10-01 00:00:00;1965-09;10.3;Y
1965-10-01 00:00:01;1965-11-01 00:00:00;1965-10;4.6;Y
1965-11-01 00:00:01;1965-12-01 00:00:00;1965-11;-6.4;Y
1965-12-01 00:00:01;1966-01-01 00:00:00;1965-12;-13.6;Y
1966-01-01 00:00:01;1966-02-01 00:00:00;1966-01;-15.0;Y
1966-02-01 00:00:01;1966-03-01 00:00:00;1966-02;-16.5;Y
1966-03-01 00:00:01;1966-04-01 00:00:00;1966-03;-3.3;Y
1966-04-01 00:00:01;1966-05-01 00:00:00;1966-04;-0.2;Y
1966-05-01 00:00:01;1966-06-01 00:00:00;1966-05;8.7;Y
1966-06-01 00:00:01;1966-07-01 00:00:00;1966-06;15.9;Y
1966-07-01 00:00:01;1966-08-01 00:00:00;1966-07;15.5;Y
1966-08-01 00:00:01;1966-09-01 00:00:00;1966-08;12.8;Y
1966-09-01 00:00:01;1966-10-01 00:00:00;1966-09;8.2;Y
1966-10-01 00:00:01;1966-11-01 00:00:00;1966-10;3.4;Y
1966-11-01 00:00:01;1966-12-01 00:00:00;1966-11;-0.2;Y
1966-12-01 00:00:01;1967-01-01 00:00:00;1966-12;-4.5;Y
1967-01-01 00:00:01;1967-02-01 00:00:00;1967-01;-14.2;Y
1967-02-01 00:00:01;1967-03-01 00:00:00;1967-02;-4.6;Y
1967-03-01 00:00:01;1967-04-01 00:00:00;1967-03;1.3;Y
1967-04-01 00:00:01;1967-05-01 00:00:00;1967-04;3.0;Y
1967-05-01 00:00:01;1967-06-01 00:00:00;1967-05;7.8;Y
1967-06-01 00:00:01;1967-07-01 00:00:00;1967-06;12.9;Y
1967-07-01 00:00:01;1967-08-01 00:00:00;1967-07;15.2;Y
1967-08-01 00:00:01;1967-09-01 00:00:00;1967-08;13.9;Y
1967-09-01 00:00:01;1967-10-01 00:00:00;1967-09;9.8;Y
1967-10-01 00:00:01;1967-11-01 00:00:00;1967-10;5.6;Y
1967-11-01 00:00:01;1967-12-01 00:00:00;1967-11;2.3;Y
1967-12-01 00:00:01;1968-01-01 00:00:00;1967-12;-9.6;Y
1968-01-01 00:00:01;1968-02-01 00:00:00;1968-01;-15.7;Y
1968-02-01 00:00:01;1968-03-01 00:00:00;1968-02;-10.4;Y
1968-03-01 00:00:01;1968-04-01 00:00:00;1968-03;-0.9;Y
1968-04-01 00:00:01;1968-05-01 00:00:00;1968-04;5.3;Y
1968-05-01 00:00:01;1968-06-01 00:00:00;1968-05;7.0;Y
1968-06-01 00:00:01;1968-07-01 00:00:00;1968-06;15.8;Y
1968-07-01 00:00:01;1968-08-01 00:00:00;1968-07;15.2;Y
1968-08-01 00:00:01;1968-09-01 00:00:00;1968-08;14.3;Y
1968-09-01 00:00:01;1968-10-01 00:00:00;1968-09;9.3;Y
1968-10-01 00:00:01;1968-11-01 00:00:00;1968-10;2.6;Y
1968-11-01 00:00:01;1968-12-01 00:00:00;1968-11;-7.9;Y
1968-12-01 00:00:01;1969-01-01 00:00:00;1968-12;-8.3;Y
1969-01-01 00:00:01;1969-02-01 00:00:00;1969-01;-7.3;Y
1969-02-01 00:00:01;1969-03-01 00:00:00;1969-02;-13.1;Y
1969-03-01 00:00:01;1969-04-01 00:00:00;1969-03;-8.1;Y
1969-04-01 00:00:01;1969-05-01 00:00:00;1969-04;2.9;Y
1969-05-01 00:00:01;1969-06-01 00:00:00;1969-05;8.6;Y
1969-06-01 00:00:01;1969-07-01 00:00:00;1969-06;16.1;Y
1969-07-01 00:00:01;1969-08-01 00:00:00;1969-07;15.9;Y
1969-08-01 00:00:01;1969-09-01 00:00:00;1969-08;16.2;Y
1969-09-01 00:00:01;1969-10-01 00:00:00;1969-09;9.3;Y
1969-10-01 00:00:01;1969-11-01 00:00:00;1969-10;5.3;Y
1969-11-01 00:00:01;1969-12-01 00:00:00;1969-11;-5.8;Y
1969-12-01 00:00:01;1970-01-01 00:00:00;1969-12;-9.9;Y
1970-01-01 00:00:01;1970-02-01 00:00:00;1970-01;-13.2;Y
1970-02-01 00:00:01;1970-03-01 00:00:00;1970-02;-17.1;Y
1970-03-01 00:00:01;1970-04-01 00:00:00;1970-03;-3.3;Y
1970-04-01 00:00:01;1970-05-01 00:00:00;1970-04;1.1;Y
1970-05-01 00:00:01;1970-06-01 00:00:00;1970-05;9.2;Y
1970-06-01 00:00:01;1970-07-01 00:00:00;1970-06;16.5;Y
1970-07-01 00:00:01;1970-08-01 00:00:00;1970-07;14.1;Y
1970-08-01 00:00:01;1970-09-01 00:00:00;1970-08;13.9;Y
1970-09-01 00:00:01;1970-10-01 00:00:00;1970-09;8.5;Y
1970-10-01 00:00:01;1970-11-01 00:00:00;1970-10;4.4;Y
1970-11-01 00:00:01;1970-12-01 00:00:00;1970-11;-4.0;Y
1970-12-01 00:00:01;1971-01-01 00:00:00;1970-12;-4.8;Y
1971-01-01 00:00:01;1971-02-01 00:00:00;1971-01;-5.4;Y
1971-02-01 00:00:01;1971-03-01 00:00:00;1971-02;-3.4;Y
1971-03-01 00:00:01;1971-04-01 00:00:00;1971-03;-4.5;Y
1971-04-01 00:00:01;1971-05-01 00:00:00;1971-04;2.2;Y
1971-05-01 00:00:01;1971-06-01 00:00:00;1971-05;9.7;Y
1971-06-01 00:00:01;1971-07-01 00:00:00;1971-06;12.8;Y
1971-07-01 00:00:01;1971-08-01 00:00:00;1971-07;15.0;Y
1971-08-01 00:00:01;1971-09-01 00:00:00;1971-08;13.0;Y
1971-09-01 00:00:01;1971-10-01 00:00:00;1971-09;8.3;Y
1971-10-01 00:00:01;1971-11-01 00:00:00;1971-10;4.1;Y
1971-11-01 00:00:01;1971-12-01 00:00:00;1971-11;-4.7;Y
1971-12-01 00:00:01;1972-01-01 00:00:00;1971-12;-4.0;Y
1972-01-01 00:00:01;1972-02-01 00:00:00;1972-01;-10.8;Y
1972-02-01 00:00:01;1972-03-01 00:00:00;1972-02;-5.3;Y
1972-03-01 00:00:01;1972-04-01 00:00:00;1972-03;-1.4;Y
1972-04-01 00:00:01;1972-05-01 00:00:00;1972-04;2.3;Y
1972-05-01 00:00:01;1972-06-01 00:00:00;1972-05;8.6;Y
1972-06-01 00:00:01;1972-07-01 00:00:00;1972-06;14.5;Y
1972-07-01 00:00:01;1972-08-01 00:00:00;1972-07;17.6;Y
1972-08-01 00:00:01;1972-09-01 00:00:00;1972-08;13.5;Y
1972-09-01 00:00:01;1972-10-01 00:00:00;1972-09;8.2;Y
1972-10-01 00:00:01;1972-11-01 00:00:00;1972-10;4.5;Y
1972-11-01 00:00:01;1972-12-01 00:00:00;1972-11;-0.4;Y
1972-12-01 00:00:01;1973-01-01 00:00:00;1972-12;0.2;Y
1973-01-01 00:00:01;1973-02-01 00:00:00;1973-01;-0.5;Y
1973-02-01 00:00:01;1973-03-01 00:00:00;1973-02;-4.3;Y
1973-03-01 00:00:01;1973-04-01 00:00:00;1973-03;0.8;Y
1973-04-01 00:00:01;1973-05-01 00:00:00;1973-04;2.4;Y
1973-05-01 00:00:01;1973-06-01 00:00:00;1973-05;9.2;Y
1973-06-01 00:00:01;1973-07-01 00:00:00;1973-06;14.7;Y
1973-07-01 00:00:01;1973-08-01 00:00:00;1973-07;17.2;Y
1973-08-01 00:00:01;1973-09-01 00:00:00;1973-08;13.5;Y
1973-09-01 00:00:01;1973-10-01 00:00:00;1973-09;7.6;Y
1973-10-01 00:00:01;1973-11-01 00:00:00;1973-10;1.2;Y
1973-11-01 00:00:01;1973-12-01 00:00:00;1973-11;-4.8;Y
1973-12-01 00:00:01;1974-01-01 00:00:00;1973-12;-8.2;Y
1974-01-01 00:00:01;1974-02-01 00:00:00;1974-01;-2.2;Y
1974-02-01 00:00:01;1974-03-01 00:00:00;1974-02;-1.2;Y
1974-03-01 00:00:01;1974-04-01 00:00:00;1974-03;-2.3;Y
1974-04-01 00:00:01;1974-05-01 00:00:00;1974-04;5.0;Y
1974-05-01 00:00:01;1974-06-01 00:00:00;1974-05;9.1;Y
1974-06-01 00:00:01;1974-07-01 00:00:00;1974-06;13.4;Y
1974-07-01 00:00:01;1974-08-01 00:00:00;1974-07;14.0;Y
1974-08-01 00:00:01;1974-09-01 00:00:00;1974-08;13.5;Y
1974-09-01 00:00:01;1974-10-01 00:00:00;1974-09;10.1;Y
1974-10-01 00:00:01;1974-11-01 00:00:00;1974-10;3.7;Y
1974-11-01 00:00:01;1974-12-01 00:00:00;1974-11;-0.4;Y
1974-12-01 00:00:01;1975-01-01 00:00:00;1974-12;-3.0;Y
1975-01-01 00:00:01;1975-02-01 00:00:00;1975-01;-2.3;Y
1975-02-01 00:00:01;1975-03-01 00:00:00;1975-02;-6.0;Y
1975-03-01 00:00:01;1975-04-01 00:00:00;1975-03;-0.6;Y
1975-04-01 00:00:01;1975-05-01 00:00:00;1975-04;2.4;Y
1975-05-01 00:00:01;1975-06-01 00:00:00;1975-05;10.0;Y
1975-06-01 00:00:01;1975-07-01 00:00:00;1975-06;13.0;Y
1975-07-01 00:00:01;1975-08-01 00:00:00;1975-07;17.2;Y
1975-08-01 00:00:01;1975-09-01 00:00:00;1975-08;16.0;G
1975-09-01 00:00:01;1975-10-01 00:00:00;1975-09;10.8;Y
1975-10-01 00:00:01;1975-11-01 00:00:00;1975-10;4.6;Y
1975-11-01 00:00:01;1975-12-01 00:00:00;1975-11;0.7;Y
1975-12-01 00:00:01;1976-01-01 00:00:00;1975-12;-2.2;Y
1976-01-01 00:00:01;1976-02-01 00:00:00;1976-01;-10.2;Y
1976-02-01 00:00:01;1976-03-01 00:00:00;1976-02;-4.1;Y
1976-03-01 00:00:01;1976-04-01 00:00:00;1976-03;-4.3;Y
1976-04-01 00:00:01;1976-05-01 00:00:00;1976-04;3.3;Y
1976-05-01 00:00:01;1976-06-01 00:00:00;1976-05;10.1;Y
1976-06-01 00:00:01;1976-07-01 00:00:00;1976-06;14.0;Y
1976-07-01 00:00:01;1976-08-01 00:00:00;1976-07;15.8;Y
1976-08-01 00:00:01;1976-09-01 00:00:00;1976-08;14.6;Y
1976-09-01 00:00:01;1976-10-01 00:00:00;1976-09;6.1;Y
1976-10-01 00:00:01;1976-11-01 00:00:00;1976-10;3.2;Y
1976-11-01 00:00:01;1976-12-01 00:00:00;1976-11;-1.4;Y
1976-12-01 00:00:01;1977-01-01 00:00:00;1976-12;-8.3;Y
1977-01-01 00:00:01;1977-02-01 00:00:00;1977-01;-6.9;Y
1977-02-01 00:00:01;1977-03-01 00:00:00;1977-02;-8.8;Y
1977-03-01 00:00:01;1977-04-01 00:00:00;1977-03;-0.2;G
1977-04-01 00:00:01;1977-05-01 00:00:00;1977-04;0.5;Y
1977-05-01 00:00:01;1977-06-01 00:00:00;1977-05;8.8;Y
1977-06-01 00:00:01;1977-07-01 00:00:00;1977-06;13.6;Y
1977-07-01 00:00:01;1977-08-01 00:00:00;1977-07;14.1;Y
1977-08-01 00:00:01;1977-09-01 00:00:00;1977-08;13.7;Y
1977-09-01 00:00:01;1977-10-01 00:00:00;1977-09;8.7;Y
1977-10-01 00:00:01;1977-11-01 00:00:00;1977-10;6.2;Y
1977-11-01 00:00:01;1977-12-01 00:00:00;1977-11;-0.0;Y
1977-12-01 00:00:01;1978-01-01 00:00:00;1977-12;-3.9;Y
1978-01-01 00:00:01;1978-02-01 00:00:00;1978-01;-5.0;Y
1978-02-01 00:00:01;1978-03-01 00:00:00;1978-02;-10.8;Y
1978-03-01 00:00:01;1978-04-01 00:00:00;1978-03;-2.2;Y
1978-04-01 00:00:01;1978-05-01 00:00:00;1978-04;1.7;Y
1978-05-01 00:00:01;1978-06-01 00:00:00;1978-05;9.2;Y
1978-06-01 00:00:01;1978-07-01 00:00:00;1978-06;14.8;Y
1978-07-01 00:00:01;1978-08-01 00:00:00;1978-07;14.6;Y
1978-08-01 00:00:01;1978-09-01 00:00:00;1978-08;13.2;Y
1978-09-01 00:00:01;1978-10-01 00:00:00;1978-09;8.2;Y
1978-10-01 00:00:01;1978-11-01 00:00:00;1978-10;4.7;Y
1978-11-01 00:00:01;1978-12-01 00:00:00;1978-11;1.3;Y
1978-12-01 00:00:01;1979-01-01 00:00:00;1978-12;-12.8;Y
1979-01-01 00:00:01;1979-02-01 00:00:00;1979-01;-13.6;Y
1979-02-01 00:00:01;1979-03-01 00:00:00;1979-02;-10.7;Y
1979-03-01 00:00:01;1979-04-01 00:00:00;1979-03;-1.9;Y
1979-04-01 00:00:01;1979-05-01 00:00:00;1979-04;2.3;Y
1979-05-01 00:00:01;1979-06-01 00:00:00;1979-05;8.6;Y
1979-06-01 00:00:01;1979-07-01 00:00:00;1979-06;15.8;Y
1979-07-01 00:00:01;1979-08-01 00:00:00;1979-07;14.1;Y
1979-08-01 00:00:01;1979-09-01 00:00:00;1979-08;13.2;Y
1979-09-01 00:00:01;1979-10-01 00:00:00;1979-09;9.8;Y
1979-10-01 00:00:01;1979-11-01 00:00:00;1979-10;3.1;Y
1979-11-01 00:00:01;1979-12-01 00:00:00;1979-11;-1.6;Y
1979-12-01 00:00:01;1980-01-01 00:00:00;1979-12;-7.2;Y
1980-01-01 00:00:01;1980-02-01 00:00:00;1980-01;-11.2;Y
1980-02-01 00:00:01;1980-03-01 00:00:00;1980-02;-12.1;Y
1980-03-01 00:00:01;1980-04-01 00:00:00;1980-03;-5.6;Y
1980-04-01 00:00:01;1980-05-01 00:00:00;1980-04;4.1;Y
1980-05-01 00:00:01;1980-06-01 00:00:00;1980-05;9.3;Y
1980-06-01 00:00:01;1980-07-01 00:00:00;1980-06;15.4;Y
1980-07-01 00:00:01;1980-08-01 00:00:00;1980-07;16.0;Y
1980-08-01 00:00:01;1980-09-01 00:00:00;1980-08;13.8;G
1980-09-01 00:00:01;1980-10-01 00:00:00;1980-09;10.9;Y
1980-10-01 00:00:01;1980-11-01 00:00:00;1980-10;2.4;Y
1980-11-01 00:00:01;1980-12-01 00:00:00;1980-11;-5.3;Y
1980-12-01 00:00:01;1981-01-01 00:00:00;1980-12;-4.0;Y
1981-01-01 00:00:01;1981-02-01 00:00:00;1981-01;-8.3;Y
1981-02-01 00:00:01;1981-03-01 00:00:00;1981-02;-6.5;Y
1981-03-01 00:00:01;1981-04-01 00:00:00;1981-03;-5.0;Y
1981-04-01 00:00:01;1981-05-01 00:00:00;1981-04;2.7;Y
1981-05-01 00:00:01;1981-06-01 00:00:00;1981-05;10.4;Y
1981-06-01 00:00:01;1981-07-01 00:00:00;1981-06;12.2;Y
1981-07-01 00:00:01;1981-08-01 00:00:00;1981-07;15.7;Y
1981-08-01 00:00:01;1981-09-01 00:00:00;1981-08;14.0;Y
1981-09-01 00:00:01;1981-10-01 00:00:00;1981-09;10.1;Y
1981-10-01 00:00:01;1981-11-01 00:00:00;1981-10;3.8;Y
1981-11-01 00:00:01;1981-12-01 00:00:00;1981-11;-1.8;Y
1981-12-01 00:00:01;1982-01-01 00:00:00;1981-12;-12.4;Y
1982-01-01 00:00:01;1982-02-01 00:00:00;1982-01;-11.6;Y
1982-02-01 00:00:01;1982-03-01 00:00:00;1982-02;-6.3;Y
1982-03-01 00:00:01;1982-04-01 00:00:00;1982-03;-0.1;Y
1982-04-01 00:00:01;1982-05-01 00:00:00;1982-04;3.4;Y
1982-05-01 00:00:01;1982-06-01 00:00:00;1982-05;8.4;Y
1982-06-01 00:00:01;1982-07-01 00:00:00;1982-06;11.8;Y
1982-07-01 00:00:01;1982-08-01 00:00:00;1982-07;16.7;Y
1982-08-01 00:00:01;1982-09-01 00:00:00;1982-08;15.0;Y
1982-09-01 00:00:01;1982-10-01 00:00:00;1982-09;9.8;Y
1982-10-01 00:00:01;1982-11-01 00:00:00;1982-10;4.4;Y
1982-11-01 00:00:01;1982-12-01 00:00:00;1982-11;1.3;Y
1982-12-01 00:00:01;1983-01-01 00:00:00;1982-12;-3.8;Y
1983-01-01 00:00:01;1983-02-01 00:00:00;1983-01;-2.5;Y
1983-02-01 00:00:01;1983-03-01 00:00:00;1983-02;-7.5;Y
1983-03-01 00:00:01;1983-04-01 00:00:00;1983-03;-1.8;Y
1983-04-01 00:00:01;1983-05-01 00:00:00;1983-04;3.4;Y
1983-05-01 00:00:01;1983-06-01 00:00:00;1983-05;9.4;Y
1983-06-01 00:00:01;1983-07-01 00:00:00;1983-06;13.0;Y
1983-07-01 00:00:01;1983-08-01 00:00:00;1983-07;16.6;Y
1983-08-01 00:00:01;1983-09-01 00:00:00;1983-08;14.9;Y
1983-09-01 00:00:01;1983-10-01 00:00:00;1983-09;10.1;Y
1983-10-01 00:00:01;1983-11-01 00:00:00;1983-10;5.5;Y
1983-11-01 00:00:01;1983-12-01 00:00:00;1983-11;-0.7;Y
1984-02-01 00:00:01;1984-03-01 00:00:00;1984-02;-5.1;Y
1984-03-01 00:00:01;1984-04-01 00:00:00;1984-03;-4.8;Y
1984-04-01 00:00:01;1984-05-01 00:00:00;1984-04;4.3;Y
1984-05-01 00:00:01;1984-06-01 00:00:00;1984-05;10.8;Y
1984-06-01 00:00:01;1984-07-01 00:00:00;1984-06;13.6;Y
1984-07-01 00:00:01;1984-08-01 00:00:00;1984-07;15.5;Y
1984-08-01 00:00:01;1984-09-01 00:00:00;1984-08;14.9;Y
1984-09-01 00:00:01;1984-10-01 00:00:00;1984-09;8.6;Y
1984-10-01 00:00:01;1984-11-01 00:00:00;1984-10;6.2;Y
1984-11-01 00:00:01;1984-12-01 00:00:00;1984-11;0.6;Y
1984-12-01 00:00:01;1985-01-01 00:00:00;1984-12;-1.5;Y
1985-01-01 00:00:01;1985-02-01 00:00:00;1985-01;-14.1;Y
1985-02-01 00:00:01;1985-03-01 00:00:00;1985-02;-15.7;Y
1985-03-01 00:00:01;1985-04-01 00:00:00;1985-03;-2.4;Y
1985-04-01 00:00:01;1985-05-01 00:00:00;1985-04;1.1;Y
1985-05-01 00:00:01;1985-06-01 00:00:00;1985-05;9.1;Y
1985-06-01 00:00:01;1985-07-01 00:00:00;1985-06;13.8;Y
1985-07-01 00:00:01;1985-08-01 00:00:00;1985-07;14.9;Y
1985-08-01 00:00:01;1985-09-01 00:00:00;1985-08;14.1;Y
1985-09-01 00:00:01;1985-10-01 00:00:00;1985-09;7.9;Y
1985-10-01 00:00:01;1985-11-01 00:00:00;1985-10;6.2;Y
1985-11-01 00:00:01;1985-12-01 00:00:00;1985-11;-4.5;Y
1985-12-01 00:00:01;1986-01-01 00:00:00;1985-12;-12.2;Y
1986-01-01 00:00:01;1986-02-01 00:00:00;1986-01;-10.9;Y
1986-02-01 00:00:01;1986-03-01 00:00:00;1986-02;-12.2;Y
1986-03-01 00:00:01;1986-04-01 00:00:00;1986-03;-0.3;Y
1986-04-01 00:00:01;1986-05-01 00:00:00;1986-04;0.7;Y
1986-05-01 00:00:01;1986-06-01 00:00:00;1986-05;10.6;Y
1986-06-01 00:00:01;1986-07-01 00:00:00;1986-06;16.0;Y
1986-07-01 00:00:01;1986-08-01 00:00:00;1986-07;15.4;Y
1986-08-01 00:00:01;1986-09-01 00:00:00;1986-08;11.4;Y
1986-09-01 00:00:01;1986-10-01 00:00:00;1986-09;6.5;Y
1986-10-01 00:00:01;1986-11-01 00:00:00;1986-10;4.8;Y
1986-11-01 00:00:01;1986-12-01 00:00:00;1986-11;2.2;Y
1986-12-01 00:00:01;1987-01-01 00:00:00;1986-12;-5.4;Y
1987-01-01 00:00:01;1987-02-01 00:00:00;1987-01;-18.1;Y
1987-02-01 00:00:01;1987-03-01 00:00:00;1987-02;-8.3;Y
1987-03-01 00:00:01;1987-04-01 00:00:00;1987-03;-7.4;Y
1987-04-01 00:00:01;1987-05-01 00:00:00;1987-04;3.5;Y
1987-05-01 00:00:01;1987-06-01 00:00:00;1987-05;7.6;Y
1987-06-01 00:00:01;1987-07-01 00:00:00;1987-06;11.4;Y
1987-07-01 00:00:01;1987-08-01 00:00:00;1987-07;15.2;Y
1987-08-01 00:00:01;1987-09-01 00:00:00;1987-08;11.6;Y
1987-09-01 00:00:01;1987-10-01 00:00:00;1987-09;8.7;Y
1987-10-01 00:00:01;1987-11-01 00:00:00;1987-10;6.2;Y
1987-11-01 00:00:01;1987-12-01 00:00:00;1987-11;-0.4;Y
1987-12-01 00:00:01;1988-01-01 00:00:00;1987-12;-5.1;Y
1988-01-01 00:00:01;1988-02-01 00:00:00;1988-01;-1.3;Y
1988-02-01 00:00:01;1988-03-01 00:00:00;1988-02;-3.5;Y
1988-03-01 00:00:01;1988-04-01 00:00:00;1988-03;-3.6;Y
1988-04-01 00:00:01;1988-05-01 00:00:00;1988-04;1.6;Y
1988-05-01 00:00:01;1988-06-01 00:00:00;1988-05;10.6;Y
1988-06-01 00:00:01;1988-07-01 00:00:00;1988-06;16.4;Y
1988-07-01 00:00:01;1988-08-01 00:00:00;1988-07;16.2;Y
1988-08-01 00:00:01;1988-09-01 00:00:00;1988-08;13.8;Y
1988-09-01 00:00:01;1988-10-01 00:00:00;1988-09;10.4;Y
1988-10-01 00:00:01;1988-11-01 00:00:00;1988-10;2.9;Y
1988-11-01 00:00:01;1988-12-01 00:00:00;1988-11;-2.8;Y
1988-12-01 00:00:01;1989-01-01 00:00:00;1988-12;-7.0;Y
1989-01-01 00:00:01;1989-02-01 00:00:00;1989-01;0.2;Y
1989-02-01 00:00:01;1989-03-01 00:00:00;1989-02;0.4;Y
1989-03-01 00:00:01;1989-04-01 00:00:00;1989-03;1.6;Y
1989-04-01 00:00:01;1989-05-01 00:00:00;1989-04;3.5;Y
1989-05-01 00:00:01;1989-06-01 00:00:00;1989-05;10.4;Y
1989-06-01 00:00:01;1989-07-01 00:00:00;1989-06;14.2;Y
1989-07-01 00:00:01;1989-08-01 00:00:00;1989-07;16.6;Y
1989-08-01 00:00:01;1989-09-01 00:00:00;1989-08;13.8;Y
1989-09-01 00:00:01;1989-10-01 00:00:00;1989-09;10.6;Y
1989-10-01 00:00:01;1989-11-01 00:00:00;1989-10;4.5;Y
1989-11-01 00:00:01;1989-12-01 00:00:00;1989-11;0.4;Y
1989-12-01 00:00:01;1990-01-01 00:00:00;1989-12;-7.9;Y
1990-01-01 00:00:01;1990-02-01 00:00:00;1990-01;-3.2;Y
1990-02-01 00:00:01;1990-03-01 00:00:00;1990-02;1.8;Y
1990-03-01 00:00:01;1990-04-01 00:00:00;1990-03;2.8;Y
1990-04-01 00:00:01;1990-05-01 00:00:00;1990-04;4.6;Y
1990-05-01 00:00:01;1990-06-01 00:00:00;1990-05;10.9;Y
1990-06-01 00:00:01;1990-07-01 00:00:00;1990-06;14.0;Y
1990-07-01 00:00:01;1990-08-01 00:00:00;1990-07;15.4;Y
1990-08-01 00:00:01;1990-09-01 00:00:00;1990-08;14.7;Y
1990-09-01 00:00:01;1990-10-01 00:00:00;1990-09;8.4;Y
1990-10-01 00:00:01;1990-11-01 00:00:00;1990-10;4.4;Y
1990-11-01 00:00:01;1990-12-01 00:00:00;1990-11;-2.4;Y
1990-12-01 00:00:01;1991-01-01 00:00:00;1990-12;-3.0;Y
1991-01-01 00:00:01;1991-02-01 00:00:00;1991-01;-5.3;Y
1991-02-01 00:00:01;1991-03-01 00:00:00;1991-02;-7.9;Y
1991-03-01 00:00:01;1991-04-01 00:00:00;1991-03;0.3;Y
1991-04-01 00:00:01;1991-05-01 00:00:00;1991-04;4.3;Y
1991-05-01 00:00:01;1991-06-01 00:00:00;1991-05;8.5;Y
1991-06-01 00:00:01;1991-07-01 00:00:00;1991-06;10.9;Y
1991-07-01 00:00:01;1991-08-01 00:00:00;1991-07;17.4;Y
1991-08-01 00:00:01;1991-09-01 00:00:00;1991-08;15.2;Y
1991-09-01 00:00:01;1991-10-01 00:00:00;1991-09;9.3;Y
1991-10-01 00:00:01;1991-11-01 00:00:00;1991-10;4.5;Y
1991-11-01 00:00:01;1991-12-01 00:00:00;1991-11;0.4;Y
1991-12-01 00:00:01;1992-01-01 00:00:00;1991-12;-2.3;Y
1992-01-01 00:00:01;1992-02-01 00:00:00;1992-01;-2.0;Y
1992-02-01 00:00:01;1992-03-01 00:00:00;1992-02;-3.0;Y
1992-03-01 00:00:01;1992-04-01 00:00:00;1992-03;1.6;Y
1992-04-01 00:00:01;1992-05-01 00:00:00;1992-04;1.7;Y
1992-05-01 00:00:01;1992-06-01 00:00:00;1992-05;12.4;Y
1992-06-01 00:00:01;1992-07-01 00:00:00;1992-06;16.1;Y
1992-07-01 00:00:01;1992-08-01 00:00:00;1992-07;15.2;Y
1992-08-01 00:00:01;1992-09-01 00:00:00;1992-08;13.3;Y
1992-09-01 00:00:01;1992-10-01 00:00:00;1992-09;9.0;Y
1992-10-01 00:00:01;1992-11-01 00:00:00;1992-10;1.0;Y
1992-11-01 00:00:01;1992-12-01 00:00:00;1992-11;-1.1;Y
1992-12-01 00:00:01;1993-01-01 00:00:00;1992-12;-1.5;Y
1993-01-01 00:00:01;1993-02-01 00:00:00;1993-01;-2.0;Y
1993-02-01 00:00:01;1993-03-01 00:00:00;1993-02;-3.1;Y
1993-03-01 00:00:01;1993-04-01 00:00:00;1993-03;-0.6;Y
1993-04-01 00:00:01;1993-05-01 00:00:00;1993-04;4.7;Y
1993-05-01 00:00:01;1993-06-01 00:00:00;1993-05;11.5;Y
1993-06-01 00:00:01;1993-07-01 00:00:00;1993-06;11.1;Y
1993-07-01 00:00:01;1993-08-01 00:00:00;1993-07;14.9;Y
1993-08-01 00:00:01;1993-09-01 00:00:00;1993-08;12.2;Y
1993-09-01 00:00:01;1993-10-01 00:00:00;1993-09;7.0;Y
1993-10-01 00:00:01;1993-11-01 00:00:00;1993-10;3.0;Y
1993-11-01 00:00:01;1993-12-01 00:00:00;1993-11;-2.2;Y
1993-12-01 00:00:01;1994-01-01 00:00:00;1993-12;-5.5;Y
1994-01-01 00:00:01;1994-02-01 00:00:00;1994-01;-8.7;Y
1994-02-01 00:00:01;1994-03-01 00:00:00;1994-02;-14.7;Y
1994-03-01 00:00:01;1994-04-01 00:00:00;1994-03;-1.8;Y
1994-04-01 00:00:01;1994-05-01 00:00:00;1994-04;4.7;Y
1994-05-01 00:00:01;1994-06-01 00:00:00;1994-05;8.8;Y
1994-06-01 00:00:01;1994-07-01 00:00:00;1994-06;12.3;Y
1994-07-01 00:00:01;1994-08-01 00:00:00;1994-07;20.0;Y
1994-08-01 00:00:01;1994-09-01 00:00:00;1994-08;14.7;Y
1994-09-01 00:00:01;1994-10-01 00:00:00;1994-09;8.1;Y
1994-10-01 00:00:01;1994-11-01 00:00:00;1994-10;3.3;Y
1994-11-01 00:00:01;1994-12-01 00:00:00;1994-11;-0.4;Y
1995-08-01 00:00:01;1995-09-01 00:00:00;1995-08;14.9;Y
1995-09-01 00:00:01;1995-10-01 00:00:00;1995-09;9.2;Y
1995-10-01 00:00:01;1995-11-01 00:00:00;1995-10;7.5;Y
1995-11-01 00:00:01;1995-12-01 00:00:00;1995-11;-3.1;Y
1995-12-01 00:00:01;1996-01-01 00:00:00;1995-12;-10.0;Y
1996-01-01 00:00:01;1996-02-01 00:00:00;1996-01;-8.1;Y
1996-02-01 00:00:01;1996-03-01 00:00:00;1996-02;-10.2;Y
1996-03-01 00:00:01;1996-04-01 00:00:00;1996-03;-2.5;Y
1996-04-01 00:00:01;1996-05-01 00:00:00;1996-04;3.9;Y
1996-05-01 00:00:01;1996-06-01 00:00:00;1996-05;6.6;Y
1996-06-01 00:00:01;1996-07-01 00:00:00;1996-06;13.6;Y
1996-07-01 00:00:01;1996-08-01 00:00:00;1996-07;14.3;Y
1996-08-01 00:00:01;1996-09-01 00:00:00;1996-08;16.2;Y
1996-09-01 00:00:01;1996-10-01 00:00:00;1996-09;8.2;Y
1996-10-01 00:00:01;1996-11-01 00:00:00;1996-10;6.3;Y
1996-11-01 00:00:01;1996-12-01 00:00:00;1996-11;-2.2;Y
1996-12-01 00:00:01;1997-01-01 00:00:00;1996-12;-6.7;Y
1997-01-01 00:00:01;1997-02-01 00:00:00;1997-01;-3.0;Y
1997-02-01 00:00:01;1997-03-01 00:00:00;1997-02;-2.8;Y
1997-03-01 00:00:01;1997-04-01 00:00:00;1997-03;0.9;Y
1997-04-01 00:00:01;1997-05-01 00:00:00;1997-04;2.8;Y
1997-05-01 00:00:01;1997-06-01 00:00:00;1997-05;7.6;Y
1997-06-01 00:00:01;1997-07-01 00:00:00;1997-06;14.8;Y
1997-07-01 00:00:01;1997-08-01 00:00:00;1997-07;17.8;Y
1997-08-01 00:00:01;1997-09-01 00:00:00;1997-08;18.2;Y
1997-09-01 00:00:01;1997-10-01 00:00:00;1997-09;10.9;Y
1997-10-01 00:00:01;1997-11-01 00:00:00;1997-10;2.9;Y
1997-11-01 00:00:01;1997-12-01 00:00:00;1997-11;-1.1;Y
1997-12-01 00:00:01;1998-01-01 00:00:00;1997-12;-4.5;Y
1998-01-01 00:00:01;1998-02-01 00:00:00;1998-01;-2.8;Y
1998-02-01 00:00:01;1998-03-01 00:00:00;1998-02;-1.1;Y
1998-03-01 00:00:01;1998-04-01 00:00:00;1998-03;-1.2;Y
1998-04-01 00:00:01;1998-05-01 00:00:00;1998-04;2.5;Y
1998-05-01 00:00:01;1998-06-01 00:00:00;1998-05;10.0;Y
1998-06-01 00:00:01;1998-07-01 00:00:00;1998-06;12.4;Y
1998-07-01 00:00:01;1998-08-01 00:00:00;1998-07;14.6;Y
1998-08-01 00:00:01;1998-09-01 00:00:00;1998-08;12.5;Y
1998-09-01 00:00:01;1998-10-01 00:00:00;1998-09;10.6;Y
1998-10-01 00:00:01;1998-11-01 00:00:00;1998-10;3.7;Y
1998-11-01 00:00:01;1998-12-01 00:00:00;1998-11;-3.1;Y
1998-12-01 00:00:01;1999-01-01 00:00:00;1998-12;-2.5;Y
1999-01-01 00:00:01;1999-02-01 00:00:00;1999-01;-6.0;Y
1999-02-01 00:00:01;1999-03-01 00:00:00;1999-02;-5.3;Y
1999-03-01 00:00:01;1999-04-01 00:00:00;1999-03;-1.4;Y
1999-04-01 00:00:01;1999-05-01 00:00:00;1999-04;5.0;Y
1999-05-01 00:00:01;1999-06-01 00:00:00;1999-05;8.2;Y
1999-06-01 00:00:01;1999-07-01 00:00:00;1999-06;14.5;Y
1999-07-01 00:00:01;1999-08-01 00:00:00;1999-07;16.9;Y
1999-08-01 00:00:01;1999-09-01 00:00:00;1999-08;13.5;Y
1999-09-01 00:00:01;1999-10-01 00:00:00;1999-09;12.7;Y
1999-10-01 00:00:01;1999-11-01 00:00:00;1999-10;5.6;Y
1999-11-01 00:00:01;1999-12-01 00:00:00;1999-11;3.1;Y
1999-12-01 00:00:01;2000-01-01 00:00:00;1999-12;-7.0;Y
2000-01-01 00:00:01;2000-02-01 00:00:00;2000-01;-3.0;Y
2000-02-01 00:00:01;2000-03-01 00:00:00;2000-02;-3.4;Y
2000-03-01 00:00:01;2000-04-01 00:00:00;2000-03;0.0;Y
2000-04-01 00:00:01;2000-05-01 00:00:00;2000-04;3.9;Y
2000-05-01 00:00:01;2000-06-01 00:00:00;2000-05;10.8;Y
2000-06-01 00:00:01;2000-07-01 00:00:00;2000-06;12.8;Y
2000-07-01 00:00:01;2000-08-01 00:00:00;2000-07;14.6;Y
2000-08-01 00:00:01;2000-09-01 00:00:00;2000-08;13.4;Y
2000-09-01 00:00:01;2000-10-01 00:00:00;2000-09;9.3;Y
2000-10-01 00:00:01;2000-11-01 00:00:00;2000-10;7.8;Y
2000-11-01 00:00:01;2000-12-01 00:00:00;2000-11;4.0;Y
2000-12-01 00:00:01;2001-01-01 00:00:00;2000-12;-0.7;Y
2001-01-01 00:00:01;2001-02-01 00:00:00;2001-01;-4.9;Y
2001-02-01 00:00:01;2001-03-01 00:00:00;2001-02;-8.4;Y
2001-03-01 00:00:01;2001-04-01 00:00:00;2001-03;-5.0;Y
2001-04-01 00:00:01;2001-05-01 00:00:00;2001-04;3.3;Y
2001-05-01 00:00:01;2001-06-01 00:00:00;2001-05;9.8;Y
2001-06-01 00:00:01;2001-07-01 00:00:00;2001-06;13.1;Y
2001-07-01 00:00:01;2001-08-01 00:00:00;2001-07;17.1;Y
2001-08-01 00:00:01;2001-09-01 00:00:00;2001-08;14.5;Y
2001-09-01 00:00:01;2001-10-01 00:00:00;2001-09;10.1;Y
2001-10-01 00:00:01;2001-11-01 00:00:00;2001-10;6.7;Y
2001-11-01 00:00:01;2001-12-01 00:00:00;2001-11;0.7;Y
2001-12-01 00:00:01;2002-01-01 00:00:00;2001-12;-6.6;Y
2002-01-01 00:00:01;2002-02-01 00:00:00;2002-01;-6.7;Y
2002-02-01 00:00:01;2002-03-01 00:00:00;2002-02;-1.8;Y
2002-03-01 00:00:01;2002-04-01 00:00:00;2002-03;-0.2;Y
2002-04-01 00:00:01;2002-05-01 00:00:00;2002-04;5.5;Y
2002-05-01 00:00:01;2002-06-01 00:00:00;2002-05;11.3;Y
2002-06-01 00:00:01;2002-07-01 00:00:00;2002-06;15.6;Y
2002-07-01 00:00:01;2002-08-01 00:00:00;2002-07;16.7;Y
2002-08-01 00:00:01;2002-09-01 00:00:00;2002-08;18.0;Y
2002-09-01 00:00:01;2002-10-01 00:00:00;2002-09;10.7;Y
2002-10-01 00:00:01;2002-11-01 00:00:00;2002-10;1.3;Y
2002-11-01 00:00:01;2002-12-01 00:00:00;2002-11;-3.9;Y
2002-12-01 00:00:01;2003-01-01 00:00:00;2002-12;-8.7;Y
2003-01-01 00:00:01;2003-02-01 00:00:00;2003-01;-6.1;Y
2003-02-01 00:00:01;2003-03-01 00:00:00;2003-02;-5.7;Y
2003-03-01 00:00:01;2003-04-01 00:00:00;2003-03;1.5;Y
2003-04-01 00:00:01;2003-05-01 00:00:00;2003-04;3.7;Y
2003-05-01 00:00:01;2003-06-01 00:00:00;2003-05;9.6;Y
2003-06-01 00:00:01;2003-07-01 00:00:00;2003-06;14.2;Y
2003-07-01 00:00:01;2003-08-01 00:00:00;2003-07;18.1;Y
2003-08-01 00:00:01;2003-09-01 00:00:00;2003-08;14.7;Y
2003-09-01 00:00:01;2003-10-01 00:00:00;2003-09;10.7;Y
2003-10-01 00:00:01;2003-11-01 00:00:00;2003-10;2.3;Y
2003-11-01 00:00:01;2003-12-01 00:00:00;2003-11;0.3;Y
2003-12-01 00:00:01;2004-01-01 00:00:00;2003-12;-1.7;Y
2004-01-01 00:00:01;2004-02-01 00:00:00;2004-01;-6.2;Y
2004-02-01 00:00:01;2004-03-01 00:00:00;2004-02;-2.9;Y
2004-03-01 00:00:01;2004-04-01 00:00:00;2004-03;-0.4;Y
2004-04-01 00:00:01;2004-05-01 00:00:00;2004-04;5.2;Y
2004-05-01 00:00:01;2004-06-01 00:00:00;2004-05;10.2;Y
2004-06-01 00:00:01;2004-07-01 00:00:00;2004-06;13.0;Y
2004-07-01 00:00:01;2004-08-01 00:00:00;2004-07;14.9;Y
2004-08-01 00:00:01;2004-09-01 00:00:00;2004-08;15.7;Y
2004-09-01 00:00:01;2004-10-01 00:00:00;2004-09;11.2;Y
2004-10-01 00:00:01;2004-11-01 00:00:00;2004-10;4.6;Y
2004-11-01 00:00:01;2004-12-01 00:00:00;2004-11;-1.5;Y
2004-12-01 00:00:01;2005-01-01 00:00:00;2004-12;-1.9;Y
2005-01-01 00:00:01;2005-02-01 00:00:00;2005-01;-0.2;Y
2005-02-01 00:00:01;2005-03-01 00:00:00;2005-02;-3.8;Y
2005-03-01 00:00:01;2005-04-01 00:00:00;2005-03;-3.3;Y
2005-04-01 00:00:01;2005-05-01 00:00:00;2005-04;5.4;Y
2005-05-01 00:00:01;2005-06-01 00:00:00;2005-05;8.3;Y
2005-06-01 00:00:01;2005-07-01 00:00:00;2005-06;13.2;Y
2005-07-01 00:00:01;2005-08-01 00:00:00;2005-07;16.9;Y
2005-08-01 00:00:01;2005-09-01 00:00:00;2005-08;14.5;Y
2005-09-01 00:00:01;2005-10-01 00:00:00;2005-09;11.3;Y
2005-10-01 00:00:01;2005-11-01 00:00:00;2005-10;4.9;Y
2005-11-01 00:00:01;2005-12-01 00:00:00;2005-11;2.2;Y
2005-12-01 00:00:01;2006-01-01 00:00:00;2005-12;-3.1;Y
2006-01-01 00:00:01;2006-02-01 00:00:00;2006-01;-4.4;Y
2006-02-01 00:00:01;2006-03-01 00:00:00;2006-02;-5.7;Y
2006-03-01 00:00:01;2006-04-01 00:00:00;2006-03;-6.8;Y
2006-04-01 00:00:01;2006-05-01 00:00:00;2006-04;3.0;Y
2006-05-01 00:00:01;2006-06-01 00:00:00;2006-05;9.4;Y
2006-06-01 00:00:01;2006-07-01 00:00:00;2006-06;15.6;Y
2006-07-01 00:00:01;2006-08-01 00:00:00;2006-07;18.1;Y
2006-08-01 00:00:01;2006-09-01 00:00:00;2006-08;16.5;Y
2006-09-01 00:00:01;2006-10-01 00:00:00;2006-09;13.3;Y
2006-10-01 00:00:01;2006-11-01 00:00:00;2006-10;6.4;Y
2006-11-01 00:00:01;2006-12-01 00:00:00;2006-11;1.6;Y
2006-12-01 00:00:01;2007-01-01 00:00:00;2006-12;2.3;Y
2007-01-01 00:00:01;2007-02-01 00:00:00;2007-01;-3.6;Y
2007-02-01 00:00:01;2007-03-01 00:00:00;2007-02;-6.3;Y
2007-03-01 00:00:01;2007-04-01 00:00:00;2007-03;2.0;Y
2007-04-01 00:00:01;2007-05-01 00:00:00;2007-04;6.2;Y
2007-05-01 00:00:01;2007-06-01 00:00:00;2007-05;9.9;Y
2007-06-01 00:00:01;2007-07-01 00:00:00;2007-06;15.2;Y
2007-07-01 00:00:01;2007-08-01 00:00:00;2007-07;15.3;Y
2007-08-01 00:00:01;2007-09-01 00:00:00;2007-08;15.0;Y
2007-09-01 00:00:01;2007-10-01 00:00:00;2007-09;9.3;Y
2007-10-01 00:00:01;2007-11-01 00:00:00;2007-10;5.2;Y
2007-11-01 00:00:01;2007-12-01 00:00:00;2007-11;-0.5;Y
2007-12-01 00:00:01;2008-01-01 00:00:00;2007-12;-3.6;Y
2008-01-01 00:00:01;2008-02-01 00:00:00;2008-01;-0.9;Y
2008-02-01 00:00:01;2008-03-01 00:00:00;2008-02;-0.2;Y
2008-03-01 00:00:01;2008-04-01 00:00:00;2008-03;-1.1;Y
2008-04-01 00:00:01;2008-05-01 00:00:00;2008-04;4.9;Y
2008-05-01 00:00:01;2008-06-01 00:00:00;2008-05;10.1;Y
2008-06-01 00:00:01;2008-07-01 00:00:00;2008-06;14.6;Y
2008-07-01 00:00:01;2008-08-01 00:00:00;2008-07;16.5;Y
2008-08-01 00:00:01;2008-09-01 00:00:00;2008-08;13.1;Y
2008-09-01 00:00:01;2008-10-01 00:00:00;2008-09;8.9;Y
2008-10-01 00:00:01;2008-11-01 00:00:00;2008-10;5.6;Y
2008-11-01 00:00:01;2008-12-01 00:00:00;2008-11;-0.1;Y
2008-12-01 00:00:01;2009-01-01 00:00:00;2008-12;-4.2;Y
2009-01-01 00:00:01;2009-02-01 00:00:00;2009-01;-5.3;Y
2009-02-01 00:00:01;2009-03-01 00:00:00;2009-02;-9.5;Y
2009-03-01 00:00:01;2009-04-01 00:00:00;2009-03;-1.3;Y
2009-04-01 00:00:01;2009-05-01 00:00:00;2009-04;6.8;Y
2009-05-01 00:00:01;2009-06-01 00:00:00;2009-05;10.5;Y
2009-06-01 00:00:01;2009-07-01 00:00:00;2009-06;13.0;Y
2009-07-01 00:00:01;2009-08-01 00:00:00;2009-07;15.6;Y
2009-08-01 00:00:01;2009-09-01 00:00:00;2009-08;14.8;Y
2009-09-01 00:00:01;2009-10-01 00:00:00;2009-09;11.6;Y
2009-10-01 00:00:01;2009-11-01 00:00:00;2009-10;2.0;Y
2009-11-01 00:00:01;2009-12-01 00:00:00;2009-11;2.7;Y
2009-12-01 00:00:01;2010-01-01 00:00:00;2009-12;-7.3;Y
2010-01-01 00:00:01;2010-02-01 00:00:00;2010-01;-13.2;Y
2010-02-01 00:00:01;2010-03-01 00:00:00;2010-02;-10.7;Y
2010-03-01 00:00:01;2010-04-01 00:00:00;2010-03;-2.5;Y
2010-04-01 00:00:01;2010-05-01 00:00:00;2010-04;4.4;Y
2010-05-01 00:00:01;2010-06-01 00:00:00;2010-05;9.1;Y
2010-06-01 00:00:01;2010-07-01 00:00:00;2010-06;13.5;Y
2010-07-01 00:00:01;2010-08-01 00:00:00;2010-07;17.5;Y
2010-08-01 00:00:01;2010-09-01 00:00:00;2010-08;14.8;Y
2010-09-01 00:00:01;2010-10-01 00:00:00;2010-09;9.1;Y
2010-10-01 00:00:01;2010-11-01 00:00:00;2010-10;4.1;Y
2010-11-01 00:00:01;2010-12-01 00:00:00;2010-11;-4.9;Y
2010-12-01 00:00:01;2011-01-01 00:00:00;2010-12;-13.3;Y
2011-01-01 00:00:01;2011-02-01 00:00:00;2011-01;-6.5;Y
2011-02-01 00:00:01;2011-03-01 00:00:00;2011-02;-9.2;Y
2011-03-01 00:00:01;2011-04-01 00:00:00;2011-03;-1.6;Y
2011-04-01 00:00:01;2011-05-01 00:00:00;2011-04;8.1;Y
2011-05-01 00:00:01;2011-06-01 00:00:00;2011-05;9.9;Y
2011-06-01 00:00:01;2011-07-01 00:00:00;2011-06;15.3;Y
2011-07-01 00:00:01;2011-08-01 00:00:00;2011-07;16.8;Y
2011-08-01 00:00:01;2011-09-01 00:00:00;2011-08;15.0;Y
2011-09-01 00:00:01;2011-10-01 00:00:00;2011-09;11.9;Y
2011-10-01 00:00:01;2011-11-01 00:00:00;2011-10;6.3;Y
2011-11-01 00:00:01;2011-12-01 00:00:00;2011-11;2.7;Y
2011-12-01 00:00:01;2012-01-01 00:00:00;2011-12;-1.0;Y
2012-01-01 00:00:01;2012-02-01 00:00:00;2012-01;-5.8;Y
2012-02-01 00:00:01;2012-03-01 00:00:00;2012-02;-5.1;Y
2012-03-01 00:00:01;2012-04-01 00:00:00;2012-03;3.3;Y
2012-04-01 00:00:01;2012-05-01 00:00:00;2012-04;3.1;Y
2012-05-01 00:00:01;2012-06-01 00:00:00;2012-05;9.6;Y
2012-06-01 00:00:01;2012-07-01 00:00:00;2012-06;12.1;Y
2012-07-01 00:00:01;2012-08-01 00:00:00;2012-07;15.3;Y
2012-08-01 00:00:01;2012-09-01 00:00:00;2012-08;14.0;Y
2012-09-01 00:00:01;2012-10-01 00:00:00;2012-09;9.3;Y
2012-10-01 00:00:01;2012-11-01 00:00:00;2012-10;3.7;Y
2012-11-01 00:00:01;2012-12-01 00:00:00;2012-11;2.0;Y
2012-12-01 00:00:01;2013-01-01 00:00:00;2012-12;-8.0;Y
2013-01-01 00:00:01;2013-02-01 00:00:00;2013-01;-8.6;Y
2013-02-01 00:00:01;2013-03-01 00:00:00;2013-02;-4.9;Y
2013-03-01 00:00:01;2013-04-01 00:00:00;2013-03;-5.5;Y
2013-04-01 00:00:01;2013-05-01 00:00:00;2013-04;3.3;Y
2013-05-01 00:00:01;2013-06-01 00:00:00;2013-05;12.4;Y
2013-06-01 00:00:01;2013-07-01 00:00:00;2013-06;14.3;Y
2013-07-01 00:00:01;2013-08-01 00:00:00;2013-07;16.8;Y
2013-08-01 00:00:01;2013-09-01 00:00:00;2013-08;14.9;Y
2013-09-01 00:00:01;2013-10-01 00:00:00;2013-09;10.0;Y
2013-10-01 00:00:01;2013-11-01 00:00:00;2013-10;5.3;Y
2013-11-01 00:00:01;2013-12-01 00:00:00;2013-11;1.0;Y
2013-12-01 00:00:01;2014-01-01 00:00:00;2013-12;0.5;Y
2014-01-01 00:00:01;2014-02-01 00:00:00;2014-01;-5.8;Y
2014-02-01 00:00:01;2014-03-01 00:00:00;2014-02;0.4;Y
2014-03-01 00:00:01;2014-04-01 00:00:00;2014-03;2.6;Y
2014-04-01 00:00:01;2014-05-01 00:00:00;2014-04;5.7;Y
2014-05-01 00:00:01;2014-06-01 00:00:00;2014-05;9.9;Y
2014-06-01 00:00:01;2014-07-01 00:00:00;2014-06;12.9;Y
2014-07-01 00:00:01;2014-08-01 00:00:00;2014-07;19.1;Y
2014-08-01 00:00:01;2014-09-01 00:00:00;2014-08;14.4;Y
2014-09-01 00:00:01;2014-10-01 00:00:00;2014-09;10.7;Y
2014-10-01 00:00:01;2014-11-01 00:00:00;2014-10;7.0;Y
2014-11-01 00:00:01;2014-12-01 00:00:00;2014-11;1.8;Y
2014-12-01 00:00:01;2015-01-01 00:00:00;2014-12;-4.1;Y
2015-01-01 00:00:01;2015-02-01 00:00:00;2015-01;-2.9;Y
2015-02-01 00:00:01;2015-03-01 00:00:00;2015-02;-1.4;Y
2015-03-01 00:00:01;2015-04-01 00:00:00;2015-03;1.4;Y
2015-04-01 00:00:01;2015-05-01 00:00:00;2015-04;5.4;Y
2015-05-01 00:00:01;2015-06-01 00:00:00;2015-05;7.7;Y
2015-06-01 00:00:01;2015-07-01 00:00:00;2015-06;12.5;Y
2015-07-01 00:00:01;2015-08-01 00:00:00;2015-07;14.8;Y
2015-08-01 00:00:01;2015-09-01 00:00:00;2015-08;14.9;Y
2015-09-01 00:00:01;2015-10-01 00:00:00;2015-09;10.8;Y
2015-10-01 00:00:01;2015-11-01 00:00:00;2015-10;5.1;Y
2015-11-01 00:00:01;2015-12-01 00:00:00;2015-11;1.4;Y
2015-12-01 00:00:01;2016-01-01 00:00:00;2015-12;0.2;Y
2016-01-01 00:00:01;2016-02-01 00:00:00;2016-01;-9.8;Y
2016-02-01 00:00:01;2016-03-01 00:00:00;2016-02;-2.8;Y
2016-03-01 00:00:01;2016-04-01 00:00:00;2016-03;1.7;Y
2016-04-01 00:00:01;2016-05-01 00:00:00;2016-04;4.2;Y
2016-05-01 00:00:01;2016-06-01 00:00:00;2016-05;10.8;Y
2016-06-01 00:00:01;2016-07-01 00:00:00;2016-06;14.8;Y
2016-07-01 00:00:01;2016-08-01 00:00:00;2016-07;15.7;Y
2016-08-01 00:00:01;2016-09-01 00:00:00;2016-08;13.9;Y
2016-09-01 00:00:01;2016-10-01 00:00:00;2016-09;12.9;Y
2016-10-01 00:00:01;2016-11-01 00:00:00;2016-10;4.2;Y
2016-11-01 00:00:01;2016-12-01 00:00:00;2016-11;-0.4;Y
2016-12-01 00:00:01;2017-01-01 00:00:00;2016-12;0.0;Y
2017-01-01 00:00:01;2017-02-01 00:00:00;2017-01;-5.0;Y
2017-02-01 00:00:01;2017-03-01 00:00:00;2017-02;-2.6;Y
2017-03-01 00:00:01;2017-04-01 00:00:00;2017-03;0.8;Y
2017-04-01 00:00:01;2017-05-01 00:00:00;2017-04;3.2;Y
2017-05-01 00:00:01;2017-06-01 00:00:00;2017-05;9.7;Y
2017-06-01 00:00:01;2017-07-01 00:00:00;2017-06;13.9;Y
2017-07-01 00:00:01;2017-08-01 00:00:00;2017-07;15.3;Y
2017-08-01 00:00:01;2017-09-01 00:00:00;2017-08;13.1;Y
2017-09-01 00:00:01;2017-10-01 00:00:00;2017-09;10.6;Y
2017-10-01 00:00:01;2017-11-01 00:00:00;2017-10;5.2;Y
2017-11-01 00:00:01;2017-12-01 00:00:00;2017-11;-0.3;Y
2017-12-01 00:00:01;2018-01-01 00:00:00;2017-12;-3.8;Y
2018-01-01 00:00:01;2018-02-01 00:00:00;2018-01;-5.5;Y
2018-02-01 00:00:01;2018-03-01 00:00:00;2018-02;-7.6;Y
2018-03-01 00:00:01;2018-04-01 00:00:00;2018-03;-5.5;Y
2018-04-01 00:00:01;2018-05-01 00:00:00;2018-04;3.8;Y
2018-05-01 00:00:01;2018-06-01 00:00:00;2018-05;14.8;Y
2018-06-01 00:00:01;2018-07-01 00:00:00;2018-06;14.9;Y
2018-07-01 00:00:01;2018-08-01 00:00:00;2018-07;20.3;Y
2018-08-01 00:00:01;2018-09-01 00:00:00;2018-08;15.1;Y
2018-09-01 00:00:01;2018-10-01 00:00:00;2018-09;11.1;Y
2018-10-01 00:00:01;2018-11-01 00:00:00;2018-10;5.7;Y
2018-11-01 00:00:01;2018-12-01 00:00:00;2018-11;1.4;Y
2018-12-01 00:00:01;2019-01-01 00:00:00;2018-12;-4.6;Y
2019-01-01 00:00:01;2019-02-01 00:00:00;2019-01;-5.7;Y
2019-02-01 00:00:01;2019-03-01 00:00:00;2019-02;-1.4;Y
2019-03-01 00:00:01;2019-04-01 00:00:00;2019-03;-0.5;Y
2019-04-01 00:00:01;2019-05-01 00:00:00;2019-04;5.5;Y
2019-05-01 00:00:01;2019-06-01 00:00:00;2019-05;8.6;Y
2019-06-01 00:00:01;2019-07-01 00:00:00;2019-06;15.4;Y
2019-07-01 00:00:01;2019-08-01 00:00:00;2019-07;16.0;Y
2019-08-01 00:00:01;2019-09-01 00:00:00;2019-08;15.5;Y
2019-09-01 00:00:01;2019-10-01 00:00:00;2019-09;9.9;Y
2019-10-01 00:00:01;2019-11-01 00:00:00;2019-10;3.8;Y
2019-11-01 00:00:01;2019-12-01 00:00:00;2019-11;-0.7;Y
2019-12-01 00:00:01;2020-01-01 00:00:00;2019-12;-1.4;Y
2020-01-01 00:00:01;2020-02-01 00:00:00;2020-01;1.9;Y
2020-02-01 00:00:01;2020-03-01 00:00:00;2020-02;-0.0;Y
2020-03-01 00:00:01;2020-04-01 00:00:00;2020-03;1.3;Y
2020-04-01 00:00:01;2020-05-01 00:00:00;2020-04;5.5;Y
2020-05-01 00:00:01;2020-06-01 00:00:00;2020-05;7.7;Y
2020-06-01 00:00:01;2020-07-01 00:00:00;2020-06;17.9;Y
2020-07-01 00:00:01;2020-08-01 00:00:00;2020-07;13.5;Y
2020-08-01 00:00:01;2020-09-01 00:00:00;2020-08;15.7;Y
2020-09-01 00:00:01;2020-10-01 00:00:00;2020-09;10.9;Y
2020-10-01 00:00:01;2020-11-01 00:00:00;2020-10;6.2;Y
